mean_concordance,std_concordance,params,split0_test_score,split1_test_score,split2_test_score,split3_test_score,split4_test_score
0.5145338497106594,0.09170277920737345,"{'batch_size': 64, 'dropout': 0.3, 'epochs': 200, 'lr': 0.01, 'num_nodes_layer1': 64, 'num_nodes_layer2': 32}",0.6823104693140795,0.4642857142857143,0.5317919075144508,0.47869674185463656,0.4155844155844156
0.524881783177465,0.06442533918659073,"{'batch_size': 64, 'dropout': 0.3, 'epochs': 200, 'lr': 0.01, 'num_nodes_layer1': 64, 'num_nodes_layer2': 64}",0.5054151624548736,0.5142857142857142,0.6416184971098265,0.44360902255639095,0.5194805194805194
0.6328643625792771,0.10377618134970727,"{'batch_size': 64, 'dropout': 0.3, 'epochs': 200, 'lr': 0.01, 'num_nodes_layer1': 128, 'num_nodes_layer2': 32}",0.6389891696750902,0.5357142857142857,0.5028901734104047,0.7042606516290727,0.7824675324675324
0.539109774013887,0.13998520743294998,"{'batch_size': 64, 'dropout': 0.3, 'epochs': 200, 'lr': 0.01, 'num_nodes_layer1': 128, 'num_nodes_layer2': 64}",0.6642599277978339,0.5142857142857142,0.2832369942196532,0.5714285714285714,0.6623376623376623
0.4657582389208783,0.11366605422202769,"{'batch_size': 64, 'dropout': 0.3, 'epochs': 200, 'lr': 0.001, 'num_nodes_layer1': 64, 'num_nodes_layer2': 32}",0.40794223826714804,0.3357142857142857,0.3930635838150289,0.6466165413533834,0.5454545454545454
0.4468057020290795,0.07158144918859595,"{'batch_size': 64, 'dropout': 0.3, 'epochs': 200, 'lr': 0.001, 'num_nodes_layer1': 64, 'num_nodes_layer2': 64}",0.3898916967509025,0.44761904761904764,0.35260115606936415,0.48872180451127817,0.5551948051948052
0.44575003496132454,0.1432548918936663,"{'batch_size': 64, 'dropout': 0.3, 'epochs': 200, 'lr': 0.001, 'num_nodes_layer1': 128, 'num_nodes_layer2': 32}",0.5667870036101083,0.6642857142857143,0.36416184971098264,0.3283208020050125,0.3051948051948052
0.476589173505348,0.09388229084712667,"{'batch_size': 64, 'dropout': 0.3, 'epochs': 200, 'lr': 0.001, 'num_nodes_layer1': 128, 'num_nodes_layer2': 64}",0.6462093862815884,0.44761904761904764,0.3583815028901734,0.47619047619047616,0.45454545454545453
0.5177696651846431,0.14229083172253992,"{'batch_size': 64, 'dropout': 0.3, 'epochs': 200, 'lr': 0.0001, 'num_nodes_layer1': 64, 'num_nodes_layer2': 32}",0.4404332129963899,0.4380952380952381,0.6069364161849711,0.3533834586466165,0.75
0.45531884269217315,0.11713536308370368,"{'batch_size': 64, 'dropout': 0.3, 'epochs': 200, 'lr': 0.0001, 'num_nodes_layer1': 64, 'num_nodes_layer2': 64}",0.4151624548736462,0.3523809523809524,0.6011560693641619,0.5864661654135338,0.32142857142857145
0.4321778643249946,0.10404301358011873,"{'batch_size': 64, 'dropout': 0.3, 'epochs': 200, 'lr': 0.0001, 'num_nodes_layer1': 128, 'num_nodes_layer2': 32}",0.36823104693140796,0.5666666666666667,0.2832369942196532,0.41353383458646614,0.5292207792207793
0.6248884305480195,0.09016233014989626,"{'batch_size': 64, 'dropout': 0.3, 'epochs': 200, 'lr': 0.0001, 'num_nodes_layer1': 128, 'num_nodes_layer2': 64}",0.7075812274368231,0.4880952380952381,0.7398843930635838,0.5914786967418546,0.5974025974025974
0.5665868485826113,0.11973832263250017,"{'batch_size': 64, 'dropout': 0.3, 'epochs': 500, 'lr': 0.01, 'num_nodes_layer1': 64, 'num_nodes_layer2': 32}",0.5342960288808665,0.5738095238095238,0.6878612716763006,0.3583959899749373,0.6785714285714286
0.5267704056520188,0.12569539061084356,"{'batch_size': 64, 'dropout': 0.3, 'epochs': 500, 'lr': 0.01, 'num_nodes_layer1': 64, 'num_nodes_layer2': 64}",0.5848375451263538,0.28095238095238095,0.5433526011560693,0.6240601503759399,0.6006493506493507
0.4766382629944479,0.14798732314360086,"{'batch_size': 64, 'dropout': 0.3, 'epochs': 500, 'lr': 0.01, 'num_nodes_layer1': 128, 'num_nodes_layer2': 32}",0.5703971119133574,0.2785714285714286,0.6242774566473989,0.3157894736842105,0.5941558441558441
0.4536258735035779,0.10282360065742424,"{'batch_size': 64, 'dropout': 0.3, 'epochs': 500, 'lr': 0.01, 'num_nodes_layer1': 128, 'num_nodes_layer2': 64}",0.30685920577617326,0.36428571428571427,0.5260115606936416,0.5839598997493735,0.487012987012987
0.5266348346379626,0.09586343040015231,"{'batch_size': 64, 'dropout': 0.3, 'epochs': 500, 'lr': 0.001, 'num_nodes_layer1': 64, 'num_nodes_layer2': 32}",0.48375451263537905,0.5214285714285715,0.7109826589595376,0.47869674185463656,0.4383116883116883
0.5267238790979509,0.07865684158115295,"{'batch_size': 64, 'dropout': 0.3, 'epochs': 500, 'lr': 0.001, 'num_nodes_layer1': 64, 'num_nodes_layer2': 64}",0.44765342960288806,0.4261904761904762,0.5375722543352601,0.6215538847117794,0.6006493506493507
0.5738961829641116,0.086367727102784,"{'batch_size': 64, 'dropout': 0.3, 'epochs': 500, 'lr': 0.001, 'num_nodes_layer1': 128, 'num_nodes_layer2': 32}",0.48375451263537905,0.5095238095238095,0.6820809248554913,0.518796992481203,0.6753246753246753
0.5318011394056508,0.07985827636862117,"{'batch_size': 64, 'dropout': 0.3, 'epochs': 500, 'lr': 0.001, 'num_nodes_layer1': 128, 'num_nodes_layer2': 64}",0.6137184115523465,0.4642857142857143,0.41040462427745666,0.5764411027568922,0.5941558441558441
0.5494564475750178,0.12458410945678103,"{'batch_size': 64, 'dropout': 0.3, 'epochs': 500, 'lr': 0.0001, 'num_nodes_layer1': 64, 'num_nodes_layer2': 32}",0.47653429602888087,0.4666666666666667,0.7283236994219653,0.6666666666666666,0.4090909090909091
0.5356440453191575,0.08848427329571489,"{'batch_size': 64, 'dropout': 0.3, 'epochs': 500, 'lr': 0.0001, 'num_nodes_layer1': 64, 'num_nodes_layer2': 64}",0.49458483754512633,0.5666666666666667,0.4277456647398844,0.6892230576441103,0.5
0.6040243860094623,0.0371409526270774,"{'batch_size': 64, 'dropout': 0.3, 'epochs': 500, 'lr': 0.0001, 'num_nodes_layer1': 128, 'num_nodes_layer2': 32}",0.5992779783393501,0.6142857142857143,0.5895953757225434,0.5513784461152882,0.6655844155844156
0.5336587424024642,0.10800130865587441,"{'batch_size': 64, 'dropout': 0.3, 'epochs': 500, 'lr': 0.0001, 'num_nodes_layer1': 128, 'num_nodes_layer2': 64}",0.5415162454873647,0.5833333333333334,0.3699421965317919,0.47869674185463656,0.6948051948051948
0.4624661017787644,0.08518608914082766,"{'batch_size': 64, 'dropout': 0.5, 'epochs': 200, 'lr': 0.01, 'num_nodes_layer1': 64, 'num_nodes_layer2': 32}",0.34296028880866425,0.45,0.41040462427745666,0.5213032581453634,0.5876623376623377
0.5195013284399984,0.0691726019163102,"{'batch_size': 64, 'dropout': 0.5, 'epochs': 200, 'lr': 0.01, 'num_nodes_layer1': 64, 'num_nodes_layer2': 64}",0.4187725631768953,0.5238095238095238,0.6127167630057804,0.5714285714285714,0.4707792207792208
0.49401855627722985,0.06754384896856916,"{'batch_size': 64, 'dropout': 0.5, 'epochs': 200, 'lr': 0.01, 'num_nodes_layer1': 128, 'num_nodes_layer2': 32}",0.5234657039711191,0.5738095238095238,0.37572254335260113,0.5263157894736842,0.4707792207792208
0.5146554553081304,0.08418575594090262,"{'batch_size': 64, 'dropout': 0.5, 'epochs': 200, 'lr': 0.01, 'num_nodes_layer1': 128, 'num_nodes_layer2': 64}",0.5379061371841155,0.5642857142857143,0.6069364161849711,0.5037593984962406,0.36038961038961037
0.4782912020904154,0.100563044246883,"{'batch_size': 64, 'dropout': 0.5, 'epochs': 200, 'lr': 0.001, 'num_nodes_layer1': 64, 'num_nodes_layer2': 32}",0.30685920577617326,0.6095238095238096,0.4624277456647399,0.47368421052631576,0.538961038961039
0.449597313150233,0.11878538568129993,"{'batch_size': 64, 'dropout': 0.5, 'epochs': 200, 'lr': 0.001, 'num_nodes_layer1': 64, 'num_nodes_layer2': 64}",0.5126353790613718,0.43333333333333335,0.36416184971098264,0.2982456140350877,0.6396103896103896
0.47756485132559134,0.13674765003649234,"{'batch_size': 64, 'dropout': 0.5, 'epochs': 200, 'lr': 0.001, 'num_nodes_layer1': 128, 'num_nodes_layer2': 32}",0.48736462093862815,0.6976190476190476,0.2658959537572254,0.46616541353383456,0.4707792207792208
0.5973287976633944,0.09933576908417208,"{'batch_size': 64, 'dropout': 0.5, 'epochs': 200, 'lr': 0.001, 'num_nodes_layer1': 128, 'num_nodes_layer2': 64}",0.6642599277978339,0.42857142857142855,0.6358381502890174,0.7092731829573935,0.5487012987012987
0.48434661590757316,0.09976897689856387,"{'batch_size': 64, 'dropout': 0.5, 'epochs': 200, 'lr': 0.0001, 'num_nodes_layer1': 64, 'num_nodes_layer2': 32}",0.41155234657039713,0.43333333333333335,0.6763005780346821,0.41353383458646614,0.487012987012987
0.444931440358695,0.09910030873714766,"{'batch_size': 64, 'dropout': 0.5, 'epochs': 200, 'lr': 0.0001, 'num_nodes_layer1': 64, 'num_nodes_layer2': 64}",0.4584837545126354,0.6,0.47398843930635837,0.39348370927318294,0.2987012987012987
0.47531099185233894,0.12560821847241965,"{'batch_size': 64, 'dropout': 0.5, 'epochs': 200, 'lr': 0.0001, 'num_nodes_layer1': 128, 'num_nodes_layer2': 32}",0.4187725631768953,0.4238095238095238,0.3063583815028902,0.6691729323308271,0.5584415584415584
0.49667438918145396,0.1387307606103608,"{'batch_size': 64, 'dropout': 0.5, 'epochs': 200, 'lr': 0.0001, 'num_nodes_layer1': 128, 'num_nodes_layer2': 64}",0.34296028880866425,0.6047619047619047,0.3236994219653179,0.5463659147869674,0.6655844155844156
0.5034380917397044,0.20704381163821353,"{'batch_size': 64, 'dropout': 0.5, 'epochs': 500, 'lr': 0.01, 'num_nodes_layer1': 64, 'num_nodes_layer2': 32}",0.7653429602888087,0.5547619047619048,0.1329479768786127,0.48621553884711777,0.577922077922078
0.4976267335714189,0.13524169753740206,"{'batch_size': 64, 'dropout': 0.5, 'epochs': 500, 'lr': 0.01, 'num_nodes_layer1': 64, 'num_nodes_layer2': 64}",0.33574007220216606,0.5476190476190477,0.4508670520231214,0.731829573934837,0.42207792207792205
0.4345236911595249,0.14399278184815256,"{'batch_size': 64, 'dropout': 0.5, 'epochs': 500, 'lr': 0.01, 'num_nodes_layer1': 128, 'num_nodes_layer2': 32}",0.6931407942238267,0.42142857142857143,0.2543352601156069,0.43358395989974935,0.37012987012987014
0.39750062380759393,0.09044533497123017,"{'batch_size': 64, 'dropout': 0.5, 'epochs': 500, 'lr': 0.01, 'num_nodes_layer1': 128, 'num_nodes_layer2': 64}",0.48014440433212996,0.4928571428571429,0.26011560693641617,0.3258145363408521,0.42857142857142855
0.5178760394215876,0.11304597360994526,"{'batch_size': 64, 'dropout': 0.5, 'epochs': 500, 'lr': 0.001, 'num_nodes_layer1': 64, 'num_nodes_layer2': 32}",0.6028880866425993,0.39285714285714285,0.6127167630057804,0.6140350877192983,0.36688311688311687
0.5155316079495897,0.13202275887765139,"{'batch_size': 64, 'dropout': 0.5, 'epochs': 500, 'lr': 0.001, 'num_nodes_layer1': 64, 'num_nodes_layer2': 64}",0.5054151624548736,0.530952380952381,0.6011560693641619,0.6641604010025063,0.275974025974026
0.4928011905217152,0.0587272889877715,"{'batch_size': 64, 'dropout': 0.5, 'epochs': 500, 'lr': 0.001, 'num_nodes_layer1': 128, 'num_nodes_layer2': 32}",0.4981949458483754,0.5571428571428572,0.5491329479768786,0.39849624060150374,0.461038961038961
0.40242464071209627,0.05985304665983143,"{'batch_size': 64, 'dropout': 0.5, 'epochs': 500, 'lr': 0.001, 'num_nodes_layer1': 128, 'num_nodes_layer2': 64}",0.41155234657039713,0.4738095238095238,0.4508670520231214,0.3057644110275689,0.37012987012987014
0.41815107689223974,0.08537117240311706,"{'batch_size': 64, 'dropout': 0.5, 'epochs': 500, 'lr': 0.0001, 'num_nodes_layer1': 64, 'num_nodes_layer2': 32}",0.296028880866426,0.35,0.5375722543352601,0.44611528822055135,0.461038961038961
0.4350421652378821,0.14840624143103057,"{'batch_size': 64, 'dropout': 0.5, 'epochs': 500, 'lr': 0.0001, 'num_nodes_layer1': 64, 'num_nodes_layer2': 64}",0.5776173285198556,0.46904761904761905,0.2138728323699422,0.5964912280701754,0.3181818181818182
0.6414825683166011,0.08453886309191519,"{'batch_size': 64, 'dropout': 0.5, 'epochs': 500, 'lr': 0.0001, 'num_nodes_layer1': 128, 'num_nodes_layer2': 32}",0.6462093862815884,0.5976190476190476,0.8034682080924855,0.5789473684210527,0.5811688311688312
0.6097428235311089,0.068334934595473,"{'batch_size': 64, 'dropout': 0.5, 'epochs': 500, 'lr': 0.0001, 'num_nodes_layer1': 128, 'num_nodes_layer2': 64}",0.49458483754512633,0.6952380952380952,0.6589595375722543,0.6090225563909775,0.5909090909090909
0.642006353977372,0.10933078776593232,"{'batch_size': 64, 'dropout': 0.6, 'epochs': 200, 'lr': 0.01, 'num_nodes_layer1': 64, 'num_nodes_layer2': 32}",0.6498194945848376,0.5952380952380952,0.8323699421965318,0.49624060150375937,0.6363636363636364
0.5264938682189442,0.08271081411865669,"{'batch_size': 64, 'dropout': 0.6, 'epochs': 200, 'lr': 0.01, 'num_nodes_layer1': 64, 'num_nodes_layer2': 64}",0.4043321299638989,0.5095238095238095,0.5780346820809249,0.49122807017543857,0.6493506493506493
0.510442178110325,0.04243661896381966,"{'batch_size': 64, 'dropout': 0.6, 'epochs': 200, 'lr': 0.01, 'num_nodes_layer1': 128, 'num_nodes_layer2': 32}",0.4693140794223827,0.48333333333333334,0.5895953757225434,0.49373433583959897,0.5162337662337663
0.3822536494652005,0.09597576990729115,"{'batch_size': 64, 'dropout': 0.6, 'epochs': 200, 'lr': 0.01, 'num_nodes_layer1': 128, 'num_nodes_layer2': 64}",0.3249097472924188,0.34523809523809523,0.2543352601156069,0.506265664160401,0.4805194805194805
0.45849336553089104,0.0758695775394749,"{'batch_size': 64, 'dropout': 0.6, 'epochs': 200, 'lr': 0.001, 'num_nodes_layer1': 64, 'num_nodes_layer2': 32}",0.36462093862815886,0.3952380952380952,0.4393063583815029,0.5413533834586466,0.551948051948052
0.4677700936162834,0.07896160431027381,"{'batch_size': 64, 'dropout': 0.6, 'epochs': 200, 'lr': 0.001, 'num_nodes_layer1': 64, 'num_nodes_layer2': 64}",0.5523465703971119,0.4714285714285714,0.4393063583815029,0.5413533834586466,0.3344155844155844
0.43300362777617557,0.09648711102706056,"{'batch_size': 64, 'dropout': 0.6, 'epochs': 200, 'lr': 0.001, 'num_nodes_layer1': 128, 'num_nodes_layer2': 32}",0.4981949458483754,0.49047619047619045,0.30057803468208094,0.5413533834586466,0.3344155844155844
0.4978241910628437,0.0990482829084434,"{'batch_size': 64, 'dropout': 0.6, 'epochs': 200, 'lr': 0.001, 'num_nodes_layer1': 128, 'num_nodes_layer2': 64}",0.33935018050541516,0.5238095238095238,0.6069364161849711,0.5839598997493735,0.43506493506493504
0.5700895752568845,0.042422100517192245,"{'batch_size': 64, 'dropout': 0.6, 'epochs': 200, 'lr': 0.0001, 'num_nodes_layer1': 64, 'num_nodes_layer2': 32}",0.5992779783393501,0.5904761904761905,0.5317919075144508,0.5087719298245614,0.6201298701298701
0.5102517354678862,0.15452218040613563,"{'batch_size': 64, 'dropout': 0.6, 'epochs': 200, 'lr': 0.0001, 'num_nodes_layer1': 64, 'num_nodes_layer2': 64}",0.6064981949458483,0.20952380952380953,0.6242774566473989,0.5914786967418546,0.5194805194805194
0.4512376232358462,0.08118601856927597,"{'batch_size': 64, 'dropout': 0.6, 'epochs': 200, 'lr': 0.0001, 'num_nodes_layer1': 128, 'num_nodes_layer2': 32}",0.37545126353790614,0.37142857142857144,0.5953757225433526,0.45614035087719296,0.4577922077922078
0.5200274201479804,0.1058635200430396,"{'batch_size': 64, 'dropout': 0.6, 'epochs': 200, 'lr': 0.0001, 'num_nodes_layer1': 128, 'num_nodes_layer2': 64}",0.48375451263537905,0.6,0.6820809248554913,0.39598997493734334,0.4383116883116883
0.44324664812386383,0.09728593673913517,"{'batch_size': 64, 'dropout': 0.6, 'epochs': 500, 'lr': 0.01, 'num_nodes_layer1': 64, 'num_nodes_layer2': 32}",0.4187725631768953,0.32142857142857145,0.5086705202312138,0.5939849624060151,0.37337662337662336
0.43977849242641415,0.13589403436196257,"{'batch_size': 64, 'dropout': 0.6, 'epochs': 500, 'lr': 0.01, 'num_nodes_layer1': 64, 'num_nodes_layer2': 64}",0.516245487364621,0.530952380952381,0.24277456647398843,0.5939849624060151,0.31493506493506496
0.4877626618416449,0.07408829228812522,"{'batch_size': 64, 'dropout': 0.6, 'epochs': 500, 'lr': 0.01, 'num_nodes_layer1': 128, 'num_nodes_layer2': 32}",0.36823104693140796,0.569047619047619,0.44508670520231214,0.5012531328320802,0.5551948051948052
0.48528144922995436,0.13076814204301698,"{'batch_size': 64, 'dropout': 0.6, 'epochs': 500, 'lr': 0.01, 'num_nodes_layer1': 128, 'num_nodes_layer2': 64}",0.6498194945848376,0.36904761904761907,0.6358381502890174,0.42105263157894735,0.35064935064935066
0.4732373595109963,0.18593663509064917,"{'batch_size': 64, 'dropout': 0.6, 'epochs': 500, 'lr': 0.001, 'num_nodes_layer1': 64, 'num_nodes_layer2': 32}",0.6859205776173285,0.6214285714285714,0.15606936416184972,0.40601503759398494,0.4967532467532468
0.48129516487151147,0.0746228712194386,"{'batch_size': 64, 'dropout': 0.6, 'epochs': 500, 'lr': 0.001, 'num_nodes_layer1': 64, 'num_nodes_layer2': 64}",0.33935018050541516,0.5071428571428571,0.5549132947976878,0.5213032581453634,0.4837662337662338
0.5298530689624364,0.08134689562454923,"{'batch_size': 64, 'dropout': 0.6, 'epochs': 500, 'lr': 0.001, 'num_nodes_layer1': 128, 'num_nodes_layer2': 32}",0.4332129963898917,0.4857142857142857,0.6242774566473989,0.47619047619047616,0.6298701298701299
0.40986752694941286,0.10279378835061326,"{'batch_size': 64, 'dropout': 0.6, 'epochs': 500, 'lr': 0.001, 'num_nodes_layer1': 128, 'num_nodes_layer2': 64}",0.37545126353790614,0.580952380952381,0.27167630057803466,0.45112781954887216,0.37012987012987014
0.5338166168231548,0.09345587058455448,"{'batch_size': 64, 'dropout': 0.6, 'epochs': 500, 'lr': 0.0001, 'num_nodes_layer1': 64, 'num_nodes_layer2': 32}",0.4332129963898917,0.6714285714285714,0.6184971098265896,0.46867167919799496,0.4772727272727273
0.4980482711756332,0.11581833950659089,"{'batch_size': 64, 'dropout': 0.6, 'epochs': 500, 'lr': 0.0001, 'num_nodes_layer1': 64, 'num_nodes_layer2': 64}",0.3285198555956679,0.5333333333333333,0.43352601156069365,0.5162907268170426,0.6785714285714286
0.5368186957126868,0.08469095336888462,"{'batch_size': 64, 'dropout': 0.6, 'epochs': 500, 'lr': 0.0001, 'num_nodes_layer1': 128, 'num_nodes_layer2': 32}",0.6606498194945848,0.4095238095238095,0.5780346820809249,0.5488721804511278,0.487012987012987
0.4993276968066067,0.03742795302736004,"{'batch_size': 64, 'dropout': 0.6, 'epochs': 500, 'lr': 0.0001, 'num_nodes_layer1': 128, 'num_nodes_layer2': 64}",0.5090252707581228,0.4642857142857143,0.5606936416184971,0.45614035087719296,0.5064935064935064
0.54678303428201,0.12160569235072612,"{'batch_size': 128, 'dropout': 0.3, 'epochs': 200, 'lr': 0.01, 'num_nodes_layer1': 64, 'num_nodes_layer2': 32}",0.5884476534296029,0.5904761904761905,0.3063583815028902,0.6090225563909775,0.6396103896103896
0.5441954052606015,0.09034279656688238,"{'batch_size': 128, 'dropout': 0.3, 'epochs': 200, 'lr': 0.01, 'num_nodes_layer1': 64, 'num_nodes_layer2': 64}",0.6173285198555957,0.5238095238095238,0.6705202312138728,0.49373433583959897,0.4155844155844156
0.570960230365853,0.06526777186621202,"{'batch_size': 128, 'dropout': 0.3, 'epochs': 200, 'lr': 0.01, 'num_nodes_layer1': 128, 'num_nodes_layer2': 32}",0.48375451263537905,0.5023809523809524,0.630057803468208,0.5989974937343359,0.6396103896103896
0.5327422455834349,0.12128859004717536,"{'batch_size': 128, 'dropout': 0.3, 'epochs': 200, 'lr': 0.01, 'num_nodes_layer1': 128, 'num_nodes_layer2': 64}",0.51985559566787,0.5095238095238095,0.7630057803468208,0.41353383458646614,0.4577922077922078
0.4654579799443879,0.18385552723566637,"{'batch_size': 128, 'dropout': 0.3, 'epochs': 200, 'lr': 0.001, 'num_nodes_layer1': 64, 'num_nodes_layer2': 32}",0.49097472924187724,0.49047619047619045,0.27167630057803466,0.7819548872180451,0.2922077922077922
0.6152192069227782,0.15800726305384594,"{'batch_size': 128, 'dropout': 0.3, 'epochs': 200, 'lr': 0.001, 'num_nodes_layer1': 64, 'num_nodes_layer2': 64}",0.3285198555956679,0.6333333333333333,0.815028901734104,0.6466165413533834,0.6525974025974026
0.48300623516616065,0.09610638684014963,"{'batch_size': 128, 'dropout': 0.3, 'epochs': 200, 'lr': 0.001, 'num_nodes_layer1': 128, 'num_nodes_layer2': 32}",0.5956678700361011,0.4666666666666667,0.44508670520231214,0.5764411027568922,0.33116883116883117
0.5401872789236751,0.15072547550520937,"{'batch_size': 128, 'dropout': 0.3, 'epochs': 200, 'lr': 0.001, 'num_nodes_layer1': 128, 'num_nodes_layer2': 64}",0.35379061371841153,0.36904761904761907,0.7167630057803468,0.5989974937343359,0.6623376623376623
0.5700165794153815,0.13605150778624597,"{'batch_size': 128, 'dropout': 0.3, 'epochs': 200, 'lr': 0.0001, 'num_nodes_layer1': 64, 'num_nodes_layer2': 32}",0.5848375451263538,0.5238095238095238,0.815028901734104,0.5238095238095238,0.4025974025974026
0.49349038350689095,0.050697113887841955,"{'batch_size': 128, 'dropout': 0.3, 'epochs': 200, 'lr': 0.0001, 'num_nodes_layer1': 64, 'num_nodes_layer2': 64}",0.5234657039711191,0.4261904761904762,0.4508670520231214,0.49874686716791977,0.5681818181818182
0.5912937369403769,0.16928426954863235,"{'batch_size': 128, 'dropout': 0.3, 'epochs': 200, 'lr': 0.0001, 'num_nodes_layer1': 128, 'num_nodes_layer2': 32}",0.740072202166065,0.6476190476190476,0.5838150289017341,0.2706766917293233,0.7142857142857143
0.4956674470721822,0.11271729692347496,"{'batch_size': 128, 'dropout': 0.3, 'epochs': 200, 'lr': 0.0001, 'num_nodes_layer1': 128, 'num_nodes_layer2': 64}",0.4981949458483754,0.28809523809523807,0.5491329479768786,0.5162907268170426,0.6266233766233766
0.5214207498291611,0.16098676570396397,"{'batch_size': 128, 'dropout': 0.3, 'epochs': 500, 'lr': 0.01, 'num_nodes_layer1': 64, 'num_nodes_layer2': 32}",0.5126353790613718,0.4595238095238095,0.8323699421965318,0.39348370927318294,0.4090909090909091
0.45548166535329615,0.13564057572028979,"{'batch_size': 128, 'dropout': 0.3, 'epochs': 500, 'lr': 0.01, 'num_nodes_layer1': 64, 'num_nodes_layer2': 64}",0.5740072202166066,0.5976190476190476,0.2543352601156069,0.5137844611528822,0.33766233766233766
0.5133164359818315,0.03091381467038266,"{'batch_size': 128, 'dropout': 0.3, 'epochs': 500, 'lr': 0.01, 'num_nodes_layer1': 128, 'num_nodes_layer2': 32}",0.5487364620938628,0.45714285714285713,0.5144508670520231,0.5137844611528822,0.5324675324675324
0.5439083101327211,0.10945914319248132,"{'batch_size': 128, 'dropout': 0.3, 'epochs': 500, 'lr': 0.01, 'num_nodes_layer1': 128, 'num_nodes_layer2': 64}",0.3285198555956679,0.5738095238095238,0.5780346820809249,0.6190476190476191,0.6201298701298701
0.52268208605025,0.08240130161843,"{'batch_size': 128, 'dropout': 0.3, 'epochs': 500, 'lr': 0.001, 'num_nodes_layer1': 64, 'num_nodes_layer2': 32}",0.5487364620938628,0.47619047619047616,0.5953757225433526,0.38596491228070173,0.6071428571428571
0.5208122019328071,0.09298985311016968,"{'batch_size': 128, 'dropout': 0.3, 'epochs': 500, 'lr': 0.001, 'num_nodes_layer1': 64, 'num_nodes_layer2': 64}",0.37906137184115524,0.48333333333333334,0.6589595375722543,0.5112781954887218,0.5714285714285714
0.5544545338962575,0.10533510706221468,"{'batch_size': 128, 'dropout': 0.3, 'epochs': 500, 'lr': 0.001, 'num_nodes_layer1': 128, 'num_nodes_layer2': 32}",0.5992779783393501,0.680952380952381,0.630057803468208,0.45614035087719296,0.40584415584415584
0.4578183284291913,0.1000004353535054,"{'batch_size': 128, 'dropout': 0.3, 'epochs': 500, 'lr': 0.001, 'num_nodes_layer1': 128, 'num_nodes_layer2': 64}",0.5054151624548736,0.30238095238095236,0.3930635838150289,0.5914786967418546,0.4967532467532468
0.5567793696724096,0.1544267503615439,"{'batch_size': 128, 'dropout': 0.3, 'epochs': 500, 'lr': 0.0001, 'num_nodes_layer1': 64, 'num_nodes_layer2': 32}",0.7256317689530686,0.7619047619047619,0.45664739884393063,0.44360902255639095,0.3961038961038961
0.5320309872990107,0.1307094129490273,"{'batch_size': 128, 'dropout': 0.3, 'epochs': 500, 'lr': 0.0001, 'num_nodes_layer1': 64, 'num_nodes_layer2': 64}",0.34657039711191334,0.5547619047619048,0.7456647398843931,0.5488721804511278,0.4642857142857143
0.42752166231628597,0.14643559348161844,"{'batch_size': 128, 'dropout': 0.3, 'epochs': 500, 'lr': 0.0001, 'num_nodes_layer1': 128, 'num_nodes_layer2': 32}",0.4657039711191336,0.6238095238095238,0.18497109826589594,0.49624060150375937,0.36688311688311687
0.538367641930842,0.06685152094006168,"{'batch_size': 128, 'dropout': 0.3, 'epochs': 500, 'lr': 0.0001, 'num_nodes_layer1': 128, 'num_nodes_layer2': 64}",0.5631768953068592,0.4142857142857143,0.5491329479768786,0.6165413533834586,0.5487012987012987
0.5264018193172976,0.12035821634962963,"{'batch_size': 128, 'dropout': 0.5, 'epochs': 200, 'lr': 0.01, 'num_nodes_layer1': 64, 'num_nodes_layer2': 32}",0.5090252707581228,0.7142857142857143,0.3988439306358382,0.6040100250626567,0.40584415584415584
0.5667932635807065,0.10435345504087165,"{'batch_size': 128, 'dropout': 0.5, 'epochs': 200, 'lr': 0.01, 'num_nodes_layer1': 64, 'num_nodes_layer2': 64}",0.4043321299638989,0.5166666666666667,0.5549132947976878,0.6892230576441103,0.6688311688311688
0.39744208457425056,0.014573738539079341,"{'batch_size': 128, 'dropout': 0.5, 'epochs': 200, 'lr': 0.01, 'num_nodes_layer1': 128, 'num_nodes_layer2': 32}",0.37906137184115524,0.40476190476190477,0.3815028901734104,0.41604010025062654,0.40584415584415584
0.5397911340363006,0.08514610046739715,"{'batch_size': 128, 'dropout': 0.5, 'epochs': 200, 'lr': 0.01, 'num_nodes_layer1': 128, 'num_nodes_layer2': 64}",0.5848375451263538,0.6619047619047619,0.5549132947976878,0.41353383458646614,0.4837662337662338
0.4940733005314735,0.1409954642319484,"{'batch_size': 128, 'dropout': 0.5, 'epochs': 200, 'lr': 0.001, 'num_nodes_layer1': 64, 'num_nodes_layer2': 32}",0.30685920577617326,0.4785714285714286,0.6473988439306358,0.37844611528822053,0.6590909090909091
0.408690593140285,0.09385448449871867,"{'batch_size': 128, 'dropout': 0.5, 'epochs': 200, 'lr': 0.001, 'num_nodes_layer1': 64, 'num_nodes_layer2': 64}",0.4151624548736462,0.37142857142857144,0.2947976878612717,0.5789473684210527,0.38311688311688313
0.5055376206840844,0.06628017808904679,"{'batch_size': 128, 'dropout': 0.5, 'epochs': 200, 'lr': 0.001, 'num_nodes_layer1': 128, 'num_nodes_layer2': 32}",0.5523465703971119,0.46190476190476193,0.6011560693641619,0.41228070175438597,0.5
0.5550807509011197,0.044610592891699455,"{'batch_size': 128, 'dropout': 0.5, 'epochs': 200, 'lr': 0.001, 'num_nodes_layer1': 128, 'num_nodes_layer2': 64}",0.48736462093862815,0.5476190476190477,0.6242774566473989,0.5739348370927319,0.5422077922077922
0.5827026227171972,0.12536056383724134,"{'batch_size': 128, 'dropout': 0.5, 'epochs': 200, 'lr': 0.0001, 'num_nodes_layer1': 64, 'num_nodes_layer2': 32}",0.5054151624548736,0.6261904761904762,0.8092485549132948,0.46616541353383456,0.5064935064935064
0.5790903838092797,0.07474827906770044,"{'batch_size': 128, 'dropout': 0.5, 'epochs': 200, 'lr': 0.0001, 'num_nodes_layer1': 64, 'num_nodes_layer2': 64}",0.48014440433212996,0.6190476190476191,0.5317919075144508,0.5664160401002506,0.698051948051948
0.5596970906524789,0.13203596272537618,"{'batch_size': 128, 'dropout': 0.5, 'epochs': 200, 'lr': 0.0001, 'num_nodes_layer1': 128, 'num_nodes_layer2': 32}",0.6714801444043321,0.47619047619047616,0.3699421965317919,0.543859649122807,0.737012987012987
0.4702098247167819,0.1286035955006951,"{'batch_size': 128, 'dropout': 0.5, 'epochs': 200, 'lr': 0.0001, 'num_nodes_layer1': 128, 'num_nodes_layer2': 64}",0.3249097472924188,0.36428571428571427,0.4277456647398844,0.6691729323308271,0.564935064935065
0.40311377944796545,0.0957314674783731,"{'batch_size': 128, 'dropout': 0.5, 'epochs': 500, 'lr': 0.01, 'num_nodes_layer1': 64, 'num_nodes_layer2': 32}",0.4729241877256318,0.36904761904761907,0.23699421965317918,0.5112781954887218,0.4253246753246753
0.486475874850777,0.10222338599749475,"{'batch_size': 128, 'dropout': 0.5, 'epochs': 500, 'lr': 0.01, 'num_nodes_layer1': 64, 'num_nodes_layer2': 64}",0.44404332129963897,0.5738095238095238,0.3063583815028902,0.5789473684210527,0.5292207792207793
0.5077708796844567,0.129499749269799,"{'batch_size': 128, 'dropout': 0.5, 'epochs': 500, 'lr': 0.01, 'num_nodes_layer1': 128, 'num_nodes_layer2': 32}",0.4657039711191336,0.6404761904761904,0.2774566473988439,0.606516290726817,0.5487012987012987
0.47711694713201586,0.05469658123829076,"{'batch_size': 128, 'dropout': 0.5, 'epochs': 500, 'lr': 0.01, 'num_nodes_layer1': 128, 'num_nodes_layer2': 64}",0.5270758122743683,0.44047619047619047,0.43352601156069365,0.42606516290726815,0.5584415584415584
0.4801998920300917,0.17850682502007653,"{'batch_size': 128, 'dropout': 0.5, 'epochs': 500, 'lr': 0.001, 'num_nodes_layer1': 64, 'num_nodes_layer2': 32}",0.41155234657039713,0.6035714285714285,0.16184971098265896,0.5714285714285714,0.6525974025974026
0.5320309432719661,0.13343784359794625,"{'batch_size': 128, 'dropout': 0.5, 'epochs': 500, 'lr': 0.001, 'num_nodes_layer1': 64, 'num_nodes_layer2': 64}",0.3898916967509025,0.36666666666666664,0.5606936416184971,0.6416040100250626,0.7012987012987013
0.5563974611153356,0.10932051041970643,"{'batch_size': 128, 'dropout': 0.5, 'epochs': 500, 'lr': 0.001, 'num_nodes_layer1': 128, 'num_nodes_layer2': 32}",0.6353790613718412,0.5047619047619047,0.6416184971098265,0.6365914786967418,0.36363636363636365
0.5231221290866387,0.062471715251426224,"{'batch_size': 128, 'dropout': 0.5, 'epochs': 500, 'lr': 0.001, 'num_nodes_layer1': 128, 'num_nodes_layer2': 64}",0.5379061371841155,0.5071428571428571,0.4913294797687861,0.44611528822055135,0.6331168831168831
0.5246376921072664,0.1302710597217508,"{'batch_size': 128, 'dropout': 0.5, 'epochs': 500, 'lr': 0.0001, 'num_nodes_layer1': 64, 'num_nodes_layer2': 32}",0.4332129963898917,0.4,0.7687861271676301,0.48872180451127817,0.5324675324675324
0.5101541304578101,0.09970919182134863,"{'batch_size': 128, 'dropout': 0.5, 'epochs': 500, 'lr': 0.0001, 'num_nodes_layer1': 64, 'num_nodes_layer2': 64}",0.6425992779783394,0.530952380952381,0.5838150289017341,0.41353383458646614,0.37987012987012986
0.5554650424338694,0.1194617604692872,"{'batch_size': 128, 'dropout': 0.5, 'epochs': 500, 'lr': 0.0001, 'num_nodes_layer1': 128, 'num_nodes_layer2': 32}",0.35379061371841153,0.48333333333333334,0.6647398843930635,0.6390977443609023,0.6363636363636364
0.5080556927280098,0.013768432522360359,"{'batch_size': 128, 'dropout': 0.5, 'epochs': 500, 'lr': 0.0001, 'num_nodes_layer1': 128, 'num_nodes_layer2': 64}",0.5054151624548736,0.5261904761904762,0.49710982658959535,0.5213032581453634,0.4902597402597403
0.4117460581971251,0.11266234085008471,"{'batch_size': 128, 'dropout': 0.6, 'epochs': 200, 'lr': 0.01, 'num_nodes_layer1': 64, 'num_nodes_layer2': 32}",0.4620938628158845,0.38095238095238093,0.27167630057803466,0.3433583959899749,0.6006493506493507
0.5977259447603511,0.09469756502391538,"{'batch_size': 128, 'dropout': 0.6, 'epochs': 200, 'lr': 0.01, 'num_nodes_layer1': 64, 'num_nodes_layer2': 64}",0.49458483754512633,0.5071428571428571,0.6994219653179191,0.7192982456140351,0.5681818181818182
0.5420475473158672,0.06445739958792318,"{'batch_size': 128, 'dropout': 0.6, 'epochs': 200, 'lr': 0.01, 'num_nodes_layer1': 128, 'num_nodes_layer2': 32}",0.5595667870036101,0.42857142857142855,0.5202312138728323,0.5914786967418546,0.6103896103896104
0.607447662315839,0.09383216942449112,"{'batch_size': 128, 'dropout': 0.6, 'epochs': 200, 'lr': 0.01, 'num_nodes_layer1': 128, 'num_nodes_layer2': 64}",0.555956678700361,0.5642857142857143,0.4913294797687861,0.6691729323308271,0.7564935064935064
0.5216818039586104,0.14254200705778383,"{'batch_size': 128, 'dropout': 0.6, 'epochs': 200, 'lr': 0.001, 'num_nodes_layer1': 64, 'num_nodes_layer2': 32}",0.5848375451263538,0.6785714285714286,0.4797687861271676,0.5989974937343359,0.2662337662337662
0.5490067414581554,0.10181185301843772,"{'batch_size': 128, 'dropout': 0.6, 'epochs': 200, 'lr': 0.001, 'num_nodes_layer1': 64, 'num_nodes_layer2': 64}",0.703971119133574,0.43333333333333335,0.630057803468208,0.47117794486215536,0.5064935064935064
0.4837046915175941,0.068370586180131,"{'batch_size': 128, 'dropout': 0.6, 'epochs': 200, 'lr': 0.001, 'num_nodes_layer1': 128, 'num_nodes_layer2': 32}",0.48014440433212996,0.45,0.43352601156069365,0.6165413533834586,0.4383116883116883
0.4809972602959086,0.0905447471566042,"{'batch_size': 128, 'dropout': 0.6, 'epochs': 200, 'lr': 0.001, 'num_nodes_layer1': 128, 'num_nodes_layer2': 64}",0.4620938628158845,0.37857142857142856,0.5086705202312138,0.41604010025062654,0.6396103896103896
0.5588676333037282,0.08803351956390688,"{'batch_size': 128, 'dropout': 0.6, 'epochs': 200, 'lr': 0.0001, 'num_nodes_layer1': 64, 'num_nodes_layer2': 32}",0.6859205776173285,0.6404761904761904,0.5202312138728323,0.47368421052631576,0.474025974025974
0.5059260397760384,0.061653454743963804,"{'batch_size': 128, 'dropout': 0.6, 'epochs': 200, 'lr': 0.0001, 'num_nodes_layer1': 64, 'num_nodes_layer2': 64}",0.5992779783393501,0.5095238095238095,0.41040462427745666,0.48120300751879697,0.5292207792207793
0.4411033598155056,0.06262278411181106,"{'batch_size': 128, 'dropout': 0.6, 'epochs': 200, 'lr': 0.0001, 'num_nodes_layer1': 128, 'num_nodes_layer2': 32}",0.49097472924187724,0.33095238095238094,0.48554913294797686,0.41102756892230574,0.487012987012987
0.5499966497606144,0.14378212531444826,"{'batch_size': 128, 'dropout': 0.6, 'epochs': 200, 'lr': 0.0001, 'num_nodes_layer1': 128, 'num_nodes_layer2': 64}",0.7220216606498195,0.33095238095238094,0.6589595375722543,0.5964912280701754,0.44155844155844154
0.45231098708353484,0.08398134585130843,"{'batch_size': 128, 'dropout': 0.6, 'epochs': 500, 'lr': 0.01, 'num_nodes_layer1': 64, 'num_nodes_layer2': 32}",0.4981949458483754,0.4928571428571429,0.30057803468208094,0.5413533834586466,0.42857142857142855
0.5928435628911523,0.06303767568427357,"{'batch_size': 128, 'dropout': 0.6, 'epochs': 500, 'lr': 0.01, 'num_nodes_layer1': 64, 'num_nodes_layer2': 64}",0.5523465703971119,0.5380952380952381,0.7109826589595376,0.5588972431077694,0.6038961038961039
0.5066554409113818,0.09776914581771196,"{'batch_size': 128, 'dropout': 0.6, 'epochs': 500, 'lr': 0.01, 'num_nodes_layer1': 128, 'num_nodes_layer2': 32}",0.6570397111913358,0.5119047619047619,0.36416184971098264,0.5488721804511278,0.4512987012987013
0.5284495339454434,0.11777553383905069,"{'batch_size': 128, 'dropout': 0.6, 'epochs': 500, 'lr': 0.01, 'num_nodes_layer1': 128, 'num_nodes_layer2': 64}",0.4007220216606498,0.6238095238095238,0.3930635838150289,0.5363408521303258,0.6883116883116883
0.5476218206572222,0.0797859324498457,"{'batch_size': 128, 'dropout': 0.6, 'epochs': 500, 'lr': 0.001, 'num_nodes_layer1': 64, 'num_nodes_layer2': 32}",0.4981949458483754,0.5857142857142857,0.6763005780346821,0.5363408521303258,0.44155844155844154
0.5200165736148422,0.05261063345591417,"{'batch_size': 128, 'dropout': 0.6, 'epochs': 500, 'lr': 0.001, 'num_nodes_layer1': 64, 'num_nodes_layer2': 64}",0.5667870036101083,0.5642857142857143,0.44508670520231214,0.556390977443609,0.4675324675324675
0.4829497750458125,0.1194198281678746,"{'batch_size': 128, 'dropout': 0.6, 'epochs': 500, 'lr': 0.001, 'num_nodes_layer1': 128, 'num_nodes_layer2': 32}",0.5956678700361011,0.5595238095238095,0.3468208092485549,0.3283208020050125,0.5844155844155844
0.4865842162312889,0.06436102826143367,"{'batch_size': 128, 'dropout': 0.6, 'epochs': 500, 'lr': 0.001, 'num_nodes_layer1': 128, 'num_nodes_layer2': 64}",0.4657039711191336,0.5190476190476191,0.41040462427745666,0.44360902255639095,0.5941558441558441
0.475698346117413,0.11852934782772107,"{'batch_size': 128, 'dropout': 0.6, 'epochs': 500, 'lr': 0.0001, 'num_nodes_layer1': 64, 'num_nodes_layer2': 32}",0.2996389891696751,0.5452380952380952,0.5317919075144508,0.37844611528822053,0.6233766233766234
0.5325381005455887,0.09317729897271089,"{'batch_size': 128, 'dropout': 0.6, 'epochs': 500, 'lr': 0.0001, 'num_nodes_layer1': 64, 'num_nodes_layer2': 64}",0.5415162454873647,0.40476190476190477,0.6184971098265896,0.6466165413533834,0.4512987012987013
0.49395637109585716,0.09881754360711861,"{'batch_size': 128, 'dropout': 0.6, 'epochs': 500, 'lr': 0.0001, 'num_nodes_layer1': 128, 'num_nodes_layer2': 32}",0.4332129963898917,0.5059523809523809,0.4277456647398844,0.42105263157894735,0.6818181818181818
0.528370965307074,0.08791611312067446,"{'batch_size': 128, 'dropout': 0.6, 'epochs': 500, 'lr': 0.0001, 'num_nodes_layer1': 128, 'num_nodes_layer2': 64}",0.51985559566787,0.45,0.5375722543352601,0.44611528822055135,0.6883116883116883
0.5590096802396103,0.04098492385320018,"{'batch_size': 256, 'dropout': 0.3, 'epochs': 200, 'lr': 0.01, 'num_nodes_layer1': 64, 'num_nodes_layer2': 32}",0.5703971119133574,0.530952380952381,0.5491329479768786,0.631578947368421,0.512987012987013
0.470219721150101,0.07825351439140897,"{'batch_size': 256, 'dropout': 0.3, 'epochs': 200, 'lr': 0.01, 'num_nodes_layer1': 64, 'num_nodes_layer2': 64}",0.37545126353790614,0.55,0.3815028901734104,0.5538847117794486,0.4902597402597403
0.5342106403772149,0.1264343752572863,"{'batch_size': 256, 'dropout': 0.3, 'epochs': 200, 'lr': 0.01, 'num_nodes_layer1': 128, 'num_nodes_layer2': 32}",0.5270758122743683,0.5380952380952381,0.3236994219653179,0.5614035087719298,0.7207792207792207
0.5954614189985892,0.09544635605809697,"{'batch_size': 256, 'dropout': 0.3, 'epochs': 200, 'lr': 0.01, 'num_nodes_layer1': 128, 'num_nodes_layer2': 64}",0.4223826714801444,0.5880952380952381,0.6705202312138728,0.6015037593984962,0.6948051948051948
0.5286887844180054,0.0996292008982757,"{'batch_size': 256, 'dropout': 0.3, 'epochs': 200, 'lr': 0.001, 'num_nodes_layer1': 64, 'num_nodes_layer2': 32}",0.4259927797833935,0.5714285714285714,0.6936416184971098,0.5238095238095238,0.42857142857142855
0.47451968270155886,0.0854085132942006,"{'batch_size': 256, 'dropout': 0.3, 'epochs': 200, 'lr': 0.001, 'num_nodes_layer1': 64, 'num_nodes_layer2': 64}",0.3176895306859206,0.4976190476190476,0.4913294797687861,0.5789473684210527,0.487012987012987
0.4553623016167401,0.13912293935611822,"{'batch_size': 256, 'dropout': 0.3, 'epochs': 200, 'lr': 0.001, 'num_nodes_layer1': 128, 'num_nodes_layer2': 32}",0.7111913357400722,0.4452380952380952,0.3063583815028902,0.45363408521303256,0.36038961038961037
0.4657271132267041,0.15006426354785052,"{'batch_size': 256, 'dropout': 0.3, 'epochs': 200, 'lr': 0.001, 'num_nodes_layer1': 128, 'num_nodes_layer2': 64}",0.5487364620938628,0.4595238095238095,0.2832369942196532,0.3358395989974937,0.7012987012987013
0.46235487881391935,0.06876686971317969,"{'batch_size': 256, 'dropout': 0.3, 'epochs': 200, 'lr': 0.0001, 'num_nodes_layer1': 64, 'num_nodes_layer2': 32}",0.41155234657039713,0.46190476190476193,0.5433526011560693,0.531328320802005,0.36363636363636365
0.4924148261519637,0.09812182714707408,"{'batch_size': 256, 'dropout': 0.3, 'epochs': 200, 'lr': 0.0001, 'num_nodes_layer1': 64, 'num_nodes_layer2': 64}",0.3862815884476534,0.4238095238095238,0.653179190751445,0.44360902255639095,0.5551948051948052
0.4200451722232196,0.15069138677911953,"{'batch_size': 256, 'dropout': 0.3, 'epochs': 200, 'lr': 0.0001, 'num_nodes_layer1': 128, 'num_nodes_layer2': 32}",0.3898916967509025,0.38333333333333336,0.3352601156069364,0.2807017543859649,0.711038961038961
0.5143622852563665,0.04018513079981934,"{'batch_size': 256, 'dropout': 0.3, 'epochs': 200, 'lr': 0.0001, 'num_nodes_layer1': 128, 'num_nodes_layer2': 64}",0.45126353790613716,0.4857142857142857,0.5317919075144508,0.5413533834586466,0.5616883116883117
0.5211251677990247,0.09636240509653105,"{'batch_size': 256, 'dropout': 0.3, 'epochs': 500, 'lr': 0.01, 'num_nodes_layer1': 64, 'num_nodes_layer2': 32}",0.5595667870036101,0.4166666666666667,0.6820809248554913,0.43107769423558895,0.5162337662337663
0.4629902819237568,0.06945524822781862,"{'batch_size': 256, 'dropout': 0.3, 'epochs': 500, 'lr': 0.01, 'num_nodes_layer1': 64, 'num_nodes_layer2': 64}",0.5577617328519856,0.5261904761904762,0.4508670520231214,0.40350877192982454,0.37662337662337664
0.5095589398723175,0.05939139313083439,"{'batch_size': 256, 'dropout': 0.3, 'epochs': 500, 'lr': 0.01, 'num_nodes_layer1': 128, 'num_nodes_layer2': 32}",0.5342960288808665,0.5714285714285714,0.43352601156069365,0.44360902255639095,0.564935064935065
0.4787903798663393,0.127866676613076,"{'batch_size': 256, 'dropout': 0.3, 'epochs': 500, 'lr': 0.01, 'num_nodes_layer1': 128, 'num_nodes_layer2': 64}",0.4223826714801444,0.5738095238095238,0.2658959537572254,0.49874686716791977,0.6331168831168831
0.44178079643868184,0.05431157505865344,"{'batch_size': 256, 'dropout': 0.3, 'epochs': 500, 'lr': 0.001, 'num_nodes_layer1': 64, 'num_nodes_layer2': 32}",0.4729241877256318,0.3333333333333333,0.4682080924855491,0.46365914786967416,0.4707792207792208
0.5107127574385748,0.046127674471513946,"{'batch_size': 256, 'dropout': 0.3, 'epochs': 500, 'lr': 0.001, 'num_nodes_layer1': 64, 'num_nodes_layer2': 64}",0.4368231046931408,0.5380952380952381,0.5144508670520231,0.5739348370927319,0.4902597402597403
0.5021958083885775,0.09668209739885426,"{'batch_size': 256, 'dropout': 0.3, 'epochs': 500, 'lr': 0.001, 'num_nodes_layer1': 128, 'num_nodes_layer2': 32}",0.6750902527075813,0.5261904761904762,0.41040462427745666,0.48370927318295737,0.4155844155844156
0.5712673328852369,0.05788660862044986,"{'batch_size': 256, 'dropout': 0.3, 'epochs': 500, 'lr': 0.001, 'num_nodes_layer1': 128, 'num_nodes_layer2': 64}",0.5740072202166066,0.46190476190476193,0.6069364161849711,0.6290726817042607,0.5844155844155844
0.56529192994875,0.12298206130787834,"{'batch_size': 256, 'dropout': 0.3, 'epochs': 500, 'lr': 0.0001, 'num_nodes_layer1': 64, 'num_nodes_layer2': 32}",0.5595667870036101,0.46904761904761905,0.7225433526011561,0.6791979949874687,0.3961038961038961
0.41070625684068424,0.1279461981986734,"{'batch_size': 256, 'dropout': 0.3, 'epochs': 500, 'lr': 0.0001, 'num_nodes_layer1': 64, 'num_nodes_layer2': 64}",0.5848375451263538,0.5476190476190477,0.3179190751445087,0.2882205513784461,0.31493506493506496
0.4289897369868572,0.18296136315080036,"{'batch_size': 256, 'dropout': 0.3, 'epochs': 500, 'lr': 0.0001, 'num_nodes_layer1': 128, 'num_nodes_layer2': 32}",0.35379061371841153,0.48095238095238096,0.7225433526011561,0.42857142857142855,0.1590909090909091
0.48552815196922444,0.09694391102043345,"{'batch_size': 256, 'dropout': 0.3, 'epochs': 500, 'lr': 0.0001, 'num_nodes_layer1': 128, 'num_nodes_layer2': 64}",0.3574007220216607,0.4238095238095238,0.6473988439306358,0.5087719298245614,0.4902597402597403
0.5240222718079586,0.06026047747321847,"{'batch_size': 256, 'dropout': 0.5, 'epochs': 200, 'lr': 0.01, 'num_nodes_layer1': 64, 'num_nodes_layer2': 32}",0.48736462093862815,0.5642857142857143,0.45664739884393063,0.6215538847117794,0.4902597402597403
0.49199984263422003,0.10747631513832827,"{'batch_size': 256, 'dropout': 0.5, 'epochs': 200, 'lr': 0.01, 'num_nodes_layer1': 64, 'num_nodes_layer2': 64}",0.4693140794223827,0.5952380952380952,0.2947976878612717,0.5714285714285714,0.5292207792207793
0.518821684854234,0.10979316402612052,"{'batch_size': 256, 'dropout': 0.5, 'epochs': 200, 'lr': 0.01, 'num_nodes_layer1': 128, 'num_nodes_layer2': 32}",0.51985559566787,0.3976190476190476,0.43352601156069365,0.5288220551378446,0.7142857142857143
0.41071613810701935,0.0574523465993138,"{'batch_size': 256, 'dropout': 0.5, 'epochs': 200, 'lr': 0.01, 'num_nodes_layer1': 128, 'num_nodes_layer2': 64}",0.3176895306859206,0.4452380952380952,0.3699421965317919,0.46616541353383456,0.45454545454545453
0.5794248586459672,0.1226012722337735,"{'batch_size': 256, 'dropout': 0.5, 'epochs': 200, 'lr': 0.001, 'num_nodes_layer1': 64, 'num_nodes_layer2': 32}",0.3971119133574007,0.7,0.5664739884393064,0.506265664160401,0.7272727272727273
0.47435824361170786,0.08146108567924557,"{'batch_size': 256, 'dropout': 0.5, 'epochs': 200, 'lr': 0.001, 'num_nodes_layer1': 64, 'num_nodes_layer2': 64}",0.4151624548736462,0.44285714285714284,0.6358381502890174,0.44611528822055135,0.4318181818181818
0.4531998823688655,0.10737030541734745,"{'batch_size': 256, 'dropout': 0.5, 'epochs': 200, 'lr': 0.001, 'num_nodes_layer1': 128, 'num_nodes_layer2': 32}",0.5126353790613718,0.48333333333333334,0.5260115606936416,0.5037593984962406,0.24025974025974026
0.500017525806659,0.12127369924629323,"{'batch_size': 256, 'dropout': 0.5, 'epochs': 200, 'lr': 0.001, 'num_nodes_layer1': 128, 'num_nodes_layer2': 64}",0.7184115523465704,0.5071428571428571,0.3699421965317919,0.49874686716791977,0.40584415584415584
0.48616550852955287,0.1354769138082375,"{'batch_size': 256, 'dropout': 0.5, 'epochs': 200, 'lr': 0.0001, 'num_nodes_layer1': 64, 'num_nodes_layer2': 32}",0.5415162454873647,0.569047619047619,0.27167630057803466,0.39598997493734334,0.6525974025974026
0.4310762828978006,0.12524221793368068,"{'batch_size': 256, 'dropout': 0.5, 'epochs': 200, 'lr': 0.0001, 'num_nodes_layer1': 64, 'num_nodes_layer2': 64}",0.23104693140794225,0.4738095238095238,0.5953757225433526,0.3583959899749373,0.4967532467532468
0.6344260262897845,0.08016029342942423,"{'batch_size': 256, 'dropout': 0.5, 'epochs': 200, 'lr': 0.0001, 'num_nodes_layer1': 128, 'num_nodes_layer2': 32}",0.6823104693140795,0.6095238095238096,0.6502890173410405,0.49624060150375937,0.7337662337662337
0.609505567445631,0.055159727781207125,"{'batch_size': 256, 'dropout': 0.5, 'epochs': 200, 'lr': 0.0001, 'num_nodes_layer1': 128, 'num_nodes_layer2': 64}",0.51985559566787,0.5761904761904761,0.653179190751445,0.6716791979949874,0.6266233766233766
0.6089399459653133,0.06835893368667967,"{'batch_size': 256, 'dropout': 0.5, 'epochs': 500, 'lr': 0.01, 'num_nodes_layer1': 64, 'num_nodes_layer2': 32}",0.631768953068592,0.55,0.6820809248554913,0.5087719298245614,0.672077922077922
0.44164973658015383,0.09053263495349569,"{'batch_size': 256, 'dropout': 0.5, 'epochs': 500, 'lr': 0.01, 'num_nodes_layer1': 64, 'num_nodes_layer2': 64}",0.48375451263537905,0.5476190476190477,0.5086705202312138,0.3208020050125313,0.3474025974025974
0.5102879928802088,0.026936245562285608,"{'batch_size': 256, 'dropout': 0.5, 'epochs': 500, 'lr': 0.01, 'num_nodes_layer1': 128, 'num_nodes_layer2': 32}",0.5415162454873647,0.5190476190476191,0.4797687861271676,0.5338345864661654,0.4772727272727273
0.5850559323901304,0.021364180476850885,"{'batch_size': 256, 'dropout': 0.5, 'epochs': 500, 'lr': 0.01, 'num_nodes_layer1': 128, 'num_nodes_layer2': 64}",0.5667870036101083,0.6047619047619047,0.5722543352601156,0.6165413533834586,0.564935064935065
0.5264975893600307,0.06450868801171013,"{'batch_size': 256, 'dropout': 0.5, 'epochs': 500, 'lr': 0.001, 'num_nodes_layer1': 64, 'num_nodes_layer2': 32}",0.45126353790613716,0.5452380952380952,0.6069364161849711,0.45112781954887216,0.577922077922078
0.5368507315209948,0.0256942778238935,"{'batch_size': 256, 'dropout': 0.5, 'epochs': 500, 'lr': 0.001, 'num_nodes_layer1': 64, 'num_nodes_layer2': 64}",0.5487364620938628,0.530952380952381,0.5028901734104047,0.5789473684210527,0.5227272727272727
0.5161700827778329,0.12375412157646805,"{'batch_size': 256, 'dropout': 0.5, 'epochs': 500, 'lr': 0.001, 'num_nodes_layer1': 128, 'num_nodes_layer2': 32}",0.5956678700361011,0.7,0.3815028901734104,0.38095238095238093,0.5227272727272727
0.43685690415068484,0.0809416833743199,"{'batch_size': 256, 'dropout': 0.5, 'epochs': 500, 'lr': 0.001, 'num_nodes_layer1': 128, 'num_nodes_layer2': 64}",0.4620938628158845,0.5047619047619047,0.5202312138728323,0.39849624060150374,0.2987012987012987
0.48021448949151235,0.05207023021207655,"{'batch_size': 256, 'dropout': 0.5, 'epochs': 500, 'lr': 0.0001, 'num_nodes_layer1': 64, 'num_nodes_layer2': 32}",0.44765342960288806,0.5285714285714286,0.3930635838150289,0.518796992481203,0.512987012987013
0.4705396848440498,0.1625316439528218,"{'batch_size': 256, 'dropout': 0.5, 'epochs': 500, 'lr': 0.0001, 'num_nodes_layer1': 64, 'num_nodes_layer2': 64}",0.5126353790613718,0.3476190476190476,0.32947976878612717,0.39348370927318294,0.7694805194805194
0.37799794388947155,0.07884044891700652,"{'batch_size': 256, 'dropout': 0.5, 'epochs': 500, 'lr': 0.0001, 'num_nodes_layer1': 128, 'num_nodes_layer2': 32}",0.33935018050541516,0.5285714285714286,0.3063583815028902,0.3358395989974937,0.37987012987012986
0.42597075865382583,0.13157562270051792,"{'batch_size': 256, 'dropout': 0.5, 'epochs': 500, 'lr': 0.0001, 'num_nodes_layer1': 128, 'num_nodes_layer2': 64}",0.3898916967509025,0.5119047619047619,0.6358381502890174,0.3032581453634085,0.288961038961039
0.461216284763197,0.120120882298592,"{'batch_size': 256, 'dropout': 0.6, 'epochs': 200, 'lr': 0.01, 'num_nodes_layer1': 64, 'num_nodes_layer2': 32}",0.38267148014440433,0.6523809523809524,0.37572254335260113,0.3433583959899749,0.551948051948052
0.5095882931213558,0.09024409305448003,"{'batch_size': 256, 'dropout': 0.6, 'epochs': 200, 'lr': 0.01, 'num_nodes_layer1': 64, 'num_nodes_layer2': 64}",0.5090252707581228,0.43333333333333335,0.6820809248554913,0.47869674185463656,0.4448051948051948
0.3674129599235173,0.07562584574426856,"{'batch_size': 256, 'dropout': 0.6, 'epochs': 200, 'lr': 0.01, 'num_nodes_layer1': 128, 'num_nodes_layer2': 32}",0.296028880866426,0.3380952380952381,0.3352601156069364,0.5137844611528822,0.3538961038961039
0.5375876838174874,0.11875604264357682,"{'batch_size': 256, 'dropout': 0.6, 'epochs': 200, 'lr': 0.01, 'num_nodes_layer1': 128, 'num_nodes_layer2': 64}",0.4981949458483754,0.6404761904761904,0.5895953757225434,0.3233082706766917,0.6363636363636364
0.5115841565855789,0.16326262341605588,"{'batch_size': 256, 'dropout': 0.6, 'epochs': 200, 'lr': 0.001, 'num_nodes_layer1': 64, 'num_nodes_layer2': 32}",0.5956678700361011,0.6547619047619048,0.19653179190751446,0.5914786967418546,0.5194805194805194
0.46499976044247926,0.11847001581880745,"{'batch_size': 256, 'dropout': 0.6, 'epochs': 200, 'lr': 0.001, 'num_nodes_layer1': 64, 'num_nodes_layer2': 64}",0.6028880866425993,0.38095238095238093,0.6069364161849711,0.41604010025062654,0.3181818181818182
0.47769852280564534,0.08580145162573384,"{'batch_size': 256, 'dropout': 0.6, 'epochs': 200, 'lr': 0.001, 'num_nodes_layer1': 128, 'num_nodes_layer2': 32}",0.628158844765343,0.45,0.5086705202312138,0.41854636591478694,0.38311688311688313
0.42583265860461117,0.08572301517370277,"{'batch_size': 256, 'dropout': 0.6, 'epochs': 200, 'lr': 0.001, 'num_nodes_layer1': 128, 'num_nodes_layer2': 64}",0.4187725631768953,0.49523809523809526,0.5086705202312138,0.2681704260651629,0.4383116883116883
0.46770238967339683,0.10196564392892095,"{'batch_size': 256, 'dropout': 0.6, 'epochs': 200, 'lr': 0.0001, 'num_nodes_layer1': 64, 'num_nodes_layer2': 32}",0.38267148014440433,0.4238095238095238,0.6184971098265896,0.556390977443609,0.35714285714285715
0.5167910108318938,0.10017870686563494,"{'batch_size': 256, 'dropout': 0.6, 'epochs': 200, 'lr': 0.0001, 'num_nodes_layer1': 64, 'num_nodes_layer2': 64}",0.631768953068592,0.3404761904761905,0.5202312138728323,0.5914786967418546,0.5
0.553592172179749,0.09616113405174162,"{'batch_size': 256, 'dropout': 0.6, 'epochs': 200, 'lr': 0.0001, 'num_nodes_layer1': 128, 'num_nodes_layer2': 32}",0.4981949458483754,0.46904761904761905,0.7398843930635838,0.5413533834586466,0.5194805194805194
0.44453969827087203,0.1315252882410466,"{'batch_size': 256, 'dropout': 0.6, 'epochs': 200, 'lr': 0.0001, 'num_nodes_layer1': 128, 'num_nodes_layer2': 64}",0.3249097472924188,0.65,0.5202312138728323,0.43859649122807015,0.288961038961039
0.5247114292291718,0.11893569546405318,"{'batch_size': 256, 'dropout': 0.6, 'epochs': 500, 'lr': 0.01, 'num_nodes_layer1': 64, 'num_nodes_layer2': 32}",0.6642599277978339,0.38095238095238093,0.4508670520231214,0.45864661654135336,0.6688311688311688
0.46416998011779553,0.030943417750502994,"{'batch_size': 256, 'dropout': 0.6, 'epochs': 500, 'lr': 0.01, 'num_nodes_layer1': 64, 'num_nodes_layer2': 64}",0.4729241877256318,0.46904761904761905,0.4046242774566474,0.49373433583959897,0.4805194805194805
0.44296512612566774,0.11979835259098995,"{'batch_size': 256, 'dropout': 0.6, 'epochs': 500, 'lr': 0.01, 'num_nodes_layer1': 128, 'num_nodes_layer2': 32}",0.38267148014440433,0.29523809523809524,0.5433526011560693,0.37343358395989973,0.6201298701298701
0.5875983583788974,0.06346232072591067,"{'batch_size': 256, 'dropout': 0.6, 'epochs': 500, 'lr': 0.01, 'num_nodes_layer1': 128, 'num_nodes_layer2': 64}",0.6750902527075813,0.5142857142857142,0.5144508670520231,0.6140350877192983,0.6201298701298701
0.5103434185551904,0.07818643128381558,"{'batch_size': 256, 'dropout': 0.6, 'epochs': 500, 'lr': 0.001, 'num_nodes_layer1': 64, 'num_nodes_layer2': 32}",0.49458483754512633,0.4666666666666667,0.653179190751445,0.42105263157894735,0.5162337662337663
0.57587960954896,0.07146432945632031,"{'batch_size': 256, 'dropout': 0.6, 'epochs': 500, 'lr': 0.001, 'num_nodes_layer1': 64, 'num_nodes_layer2': 64}",0.5487364620938628,0.680952380952381,0.630057803468208,0.4774436090225564,0.5422077922077922
0.4232646341224934,0.14492031629761432,"{'batch_size': 256, 'dropout': 0.6, 'epochs': 500, 'lr': 0.001, 'num_nodes_layer1': 128, 'num_nodes_layer2': 32}",0.3971119133574007,0.3976190476190476,0.1791907514450867,0.5839598997493735,0.5584415584415584
0.4608155500801951,0.07936294520021082,"{'batch_size': 256, 'dropout': 0.6, 'epochs': 500, 'lr': 0.001, 'num_nodes_layer1': 128, 'num_nodes_layer2': 64}",0.37184115523465705,0.5047619047619047,0.3583815028901734,0.5463659147869674,0.5227272727272727
0.5475387156167146,0.11691542434320042,"{'batch_size': 256, 'dropout': 0.6, 'epochs': 500, 'lr': 0.0001, 'num_nodes_layer1': 64, 'num_nodes_layer2': 32}",0.631768953068592,0.5,0.6820809248554913,0.5764411027568922,0.3474025974025974
0.43092160547765657,0.03768855095960106,"{'batch_size': 256, 'dropout': 0.6, 'epochs': 500, 'lr': 0.0001, 'num_nodes_layer1': 64, 'num_nodes_layer2': 64}",0.47653429602888087,0.3952380952380952,0.4393063583815029,0.46365914786967416,0.37987012987012986
0.38891887274847603,0.08214422444555088,"{'batch_size': 256, 'dropout': 0.6, 'epochs': 500, 'lr': 0.0001, 'num_nodes_layer1': 128, 'num_nodes_layer2': 32}",0.5054151624548736,0.4095238095238095,0.24855491329479767,0.39473684210526316,0.38636363636363635
0.4526897235063087,0.11435730856801005,"{'batch_size': 256, 'dropout': 0.6, 'epochs': 500, 'lr': 0.0001, 'num_nodes_layer1': 128, 'num_nodes_layer2': 64}",0.4548736462093863,0.530952380952381,0.44508670520231214,0.24812030075187969,0.5844155844155844
